{
  "roc_auc": 0.9685147302620571,
  "avg_prec": 0.800289097062368,
  "f1_fraud": 0.7969924812030075,
  "threshold": 0.999560534954071
}